source,url,title,date,institution,doc_type,language
ec,https://digital-strategy.ec.europa.eu/en/policies/artificial-intelligence#main-content,Skip to main content,NA,European Commission,Discovered URL,EN
ec,https://digital-strategy.ec.europa.eu/en/policies/artificial-intelligence,en,NA,European Commission,Discovered URL,EN
ec,https://digital-strategy.ec.europa.eu/bg/policies/artificial-intelligence,bgбългарски,NA,European Commission,Discovered URL,EN
ec,https://digital-strategy.ec.europa.eu/es/policies/artificial-intelligence,esespañol,NA,European Commission,Discovered URL,EN
ec,https://digital-strategy.ec.europa.eu/da/policies/artificial-intelligence,dadansk,NA,European Commission,Discovered URL,EN
ec,https://digital-strategy.ec.europa.eu/de/policies/artificial-intelligence,deDeutsch,NA,European Commission,Discovered URL,EN
ec,https://digital-strategy.ec.europa.eu/et/policies/artificial-intelligence,eteesti,NA,European Commission,Discovered URL,EN
ec,https://digital-strategy.ec.europa.eu/el/policies/artificial-intelligence,elελληνικά,NA,European Commission,Discovered URL,EN
ec,https://digital-strategy.ec.europa.eu/fr/policies/artificial-intelligence,frfrançais,NA,European Commission,Discovered URL,EN
ec,https://digital-strategy.ec.europa.eu/ga/policies/artificial-intelligence,gaGaeilge,NA,European Commission,Discovered URL,EN
ec,https://digital-strategy.ec.europa.eu/hr/policies/artificial-intelligence,hrhrvatski,NA,European Commission,Discovered URL,EN
ec,https://digital-strategy.ec.europa.eu/it/policies/artificial-intelligence,ititaliano,NA,European Commission,Discovered URL,EN
ec,https://digital-strategy.ec.europa.eu/lv/policies/artificial-intelligence,lvlatviešu,NA,European Commission,Discovered URL,EN
ec,https://digital-strategy.ec.europa.eu/lt/policies/artificial-intelligence,ltlietuvių,NA,European Commission,Discovered URL,EN
ec,https://digital-strategy.ec.europa.eu/hu/policies/artificial-intelligence,humagyar,NA,European Commission,Discovered URL,EN
ec,https://digital-strategy.ec.europa.eu/mt/policies/artificial-intelligence,mtMalti,NA,European Commission,Discovered URL,EN
ec,https://digital-strategy.ec.europa.eu/nl/policies/artificial-intelligence,nlNederlands,NA,European Commission,Discovered URL,EN
ec,https://digital-strategy.ec.europa.eu/pl/policies/artificial-intelligence,plpolski,NA,European Commission,Discovered URL,EN
ec,https://digital-strategy.ec.europa.eu/pt/policies/artificial-intelligence,ptportuguês,NA,European Commission,Discovered URL,EN
ec,https://digital-strategy.ec.europa.eu/ro/policies/artificial-intelligence,roromână,NA,European Commission,Discovered URL,EN
ec,https://digital-strategy.ec.europa.eu/sk/policies/artificial-intelligence,skslovenčina,NA,European Commission,Discovered URL,EN
ec,https://digital-strategy.ec.europa.eu/sl/policies/artificial-intelligence,slslovenščina,NA,European Commission,Discovered URL,EN
ec,https://digital-strategy.ec.europa.eu/fi/policies/artificial-intelligence,fisuomi,NA,European Commission,Discovered URL,EN
ec,https://digital-strategy.ec.europa.eu/sv/policies/artificial-intelligence,svsvenska,NA,European Commission,Discovered URL,EN
ec,https://digital-strategy.ec.europa.eu/en/shaping-europes-digital-future,Home,NA,European Commission,Discovered URL,EN
ec,https://digital-strategy.ec.europa.eu/en/policies,Policies,NA,European Commission,Discovered URL,EN
ec,https://digital-strategy.ec.europa.eu/en/activities,Activities,NA,European Commission,Discovered URL,EN
ec,https://digital-strategy.ec.europa.eu/en/news,News,NA,European Commission,Discovered URL,EN
ec,https://digital-strategy.ec.europa.eu/en/library,Library,NA,European Commission,Discovered URL,EN
ec,https://digital-strategy.ec.europa.eu/en/funding,Funding,NA,European Commission,Discovered URL,EN
ec,https://digital-strategy.ec.europa.eu/en/events,Calendar,NA,European Commission,Discovered URL,EN
ec,https://digital-strategy.ec.europa.eu/en/consultations,Consultations,NA,European Commission,Discovered URL,EN
ec,https://digital-strategy.ec.europa.eu/en/policies/ai-office,AI Office,NA,European Commission,Discovered URL,EN
ec,https://digital-strategy.ec.europa.eu/en,Home,NA,European Commission,Discovered URL,EN
ec,https://digital-strategy.ec.europa.eu/en/policies/european-approach-artificial-intelligence,European approach to AI,NA,European Commission,Discovered URL,EN
ec,https://digital-strategy.ec.europa.eu/en/policies/regulatory-framework-ai,AI Act,NA,European Commission,Discovered URL,EN
ec,https://digital-strategy.ec.europa.eu/en/library/ai-continent-action-plan,AI Continent action plan,2025-04-09,European Commission,Discovered URL,EN
ec,https://digital-strategy.ec.europa.eu/en/policies/apply-ai,Apply AI Strategy,NA,European Commission,Discovered URL,EN
ec,https://digital-strategy.ec.europa.eu/en/policies/ai-factories,AI Factories and gigafactories,NA,European Commission,Discovered URL,EN
ec,https://digital-strategy.ec.europa.eu/en/policies/support-ecosystem-ai-innovation-europe,Support ecosystem for AI innovation in Europe,NA,European Commission,Discovered URL,EN
ec,https://digital-strategy.ec.europa.eu/en/policies/enabling-ai,AI Excellence: Enabling conditions for AI’s development and uptake,NA,European Commission,Discovered URL,EN
ec,https://digital-strategy.ec.europa.eu/en/news/childrens-protection-online-high-priority-92-europeans,Children’s protection online is high priority for 92% of Europeans,NA,European Commission,Discovered URL,EN
ec,https://digital-strategy.ec.europa.eu/en/news/commission-opens-consultation-draft-guidelines-ai-transparency-obligations,Commission opens consultation on draft guidelines for AI transparency obligations,NA,European Commission,Discovered URL,EN
ec,https://digital-strategy.ec.europa.eu/en/consultations/consultation-draft-guidelines-transparency-obligations-under-ai-act,Consultation on the draft guidelines on transparency obligations under the AI Act,NA,European Commission,Discovered URL,EN
ec,https://digital-strategy.ec.europa.eu/en/news/eu-agrees-simplify-ai-rules-boost-innovation-and-ban-nudification-apps-protect-citizens,EU agrees to simplify AI rules to boost innovation and ban ‘nudification' apps to protect citizens,NA,European Commission,Discovered URL,EN
ec,https://digital-strategy.ec.europa.eu/en/related-content?topic=119,Browse Artificial intelligence,NA,European Commission,Discovered URL,EN
ec,https://digital-strategy.ec.europa.eu/en/policies/european-ai-research,European research development and deployment of AI,NA,European Commission,Discovered URL,EN
ec,https://digital-strategy.ec.europa.eu/en/policies/artificial-intelligence-health,Artificial Intelligence in Health,NA,European Commission,Discovered URL,EN
ec,https://digital-strategy.ec.europa.eu/en/policies/language-technologies,Language technologies,NA,European Commission,Discovered URL,EN
ec,https://digital-strategy.ec.europa.eu/en/policies/robotics,Robotics,NA,European Commission,Discovered URL,EN
ec,https://digital-strategy.ec.europa.eu/en/node/70/printable/pdf,Print as PDF,NA,European Commission,Discovered URL,EN
ec,https://digital-strategy.ec.europa.eu/en/write-us,Contact DG CONNECT,NA,European Commission,Discovered URL,EN
ec,https://digital-strategy.ec.europa.eu/en/pages/accessibility,Accessibility statement,NA,European Commission,Discovered URL,EN
ec,https://digital-strategy.ec.europa.eu/en/pages/legal-notice,Copyright notice,NA,European Commission,Discovered URL,EN
ec,https://digital-strategy.ec.europa.eu/en/policies/european-approach-artificial-intelligence#main-content,Skip to main content,NA,European Commission,Discovered URL,EN
ec,https://digital-strategy.ec.europa.eu/bg/policies/european-approach-artificial-intelligence,bgбългарски,NA,European Commission,Discovered URL,EN
ec,https://digital-strategy.ec.europa.eu/es/policies/european-approach-artificial-intelligence,esespañol,NA,European Commission,Discovered URL,EN
ec,https://digital-strategy.ec.europa.eu/cs/policies/european-approach-artificial-intelligence,csčeština,NA,European Commission,Discovered URL,EN
ec,https://digital-strategy.ec.europa.eu/da/policies/european-approach-artificial-intelligence,dadansk,NA,European Commission,Discovered URL,EN
ec,https://digital-strategy.ec.europa.eu/de/policies/european-approach-artificial-intelligence,deDeutsch,NA,European Commission,Discovered URL,EN
ec,https://digital-strategy.ec.europa.eu/et/policies/european-approach-artificial-intelligence,eteesti,NA,European Commission,Discovered URL,EN
ec,https://digital-strategy.ec.europa.eu/el/policies/european-approach-artificial-intelligence,elελληνικά,NA,European Commission,Discovered URL,EN
ec,https://digital-strategy.ec.europa.eu/fr/policies/european-approach-artificial-intelligence,frfrançais,NA,European Commission,Discovered URL,EN
ec,https://digital-strategy.ec.europa.eu/ga/policies/european-approach-artificial-intelligence,gaGaeilge,NA,European Commission,Discovered URL,EN
ec,https://digital-strategy.ec.europa.eu/hr/policies/european-approach-artificial-intelligence,hrhrvatski,NA,European Commission,Discovered URL,EN
ec,https://digital-strategy.ec.europa.eu/it/policies/european-approach-artificial-intelligence,ititaliano,NA,European Commission,Discovered URL,EN
ec,https://digital-strategy.ec.europa.eu/lv/policies/european-approach-artificial-intelligence,lvlatviešu,NA,European Commission,Discovered URL,EN
ec,https://digital-strategy.ec.europa.eu/lt/policies/european-approach-artificial-intelligence,ltlietuvių,NA,European Commission,Discovered URL,EN
ec,https://digital-strategy.ec.europa.eu/hu/policies/european-approach-artificial-intelligence,humagyar,NA,European Commission,Discovered URL,EN
ec,https://digital-strategy.ec.europa.eu/mt/policies/european-approach-artificial-intelligence,mtMalti,NA,European Commission,Discovered URL,EN
ec,https://digital-strategy.ec.europa.eu/nl/policies/european-approach-artificial-intelligence,nlNederlands,NA,European Commission,Discovered URL,EN
ec,https://digital-strategy.ec.europa.eu/pl/policies/european-approach-artificial-intelligence,plpolski,NA,European Commission,Discovered URL,EN
ec,https://digital-strategy.ec.europa.eu/pt/policies/european-approach-artificial-intelligence,ptportuguês,NA,European Commission,Discovered URL,EN
ec,https://digital-strategy.ec.europa.eu/ro/policies/european-approach-artificial-intelligence,roromână,NA,European Commission,Discovered URL,EN
ec,https://digital-strategy.ec.europa.eu/sk/policies/european-approach-artificial-intelligence,skslovenčina,NA,European Commission,Discovered URL,EN
ec,https://digital-strategy.ec.europa.eu/sl/policies/european-approach-artificial-intelligence,slslovenščina,NA,European Commission,Discovered URL,EN
ec,https://digital-strategy.ec.europa.eu/fi/policies/european-approach-artificial-intelligence,fisuomi,NA,European Commission,Discovered URL,EN
ec,https://digital-strategy.ec.europa.eu/sv/policies/european-approach-artificial-intelligence,svsvenska,NA,European Commission,Discovered URL,EN
ec,https://digital-strategy.ec.europa.eu/en/policies/european-approach-artificial-intelligence#ecl-inpage-ai-continent-action-plan-and-apply-ai-strategy,AI Continent Action Plan and Apply AI Strategy,2025-04-09,European Commission,Discovered URL,EN
ec,https://digital-strategy.ec.europa.eu/en/policies/european-approach-artificial-intelligence#ecl-inpage-ai-innovation-package-and-genai4eu-initiative,AI innovation package and GenAI4EU initiative,NA,European Commission,Discovered URL,EN
ec,https://digital-strategy.ec.europa.eu/en/policies/european-approach-artificial-intelligence#ecl-inpage-a-european-approach-to-excellence-in-ai,A European approach to excellence in AI,NA,European Commission,Discovered URL,EN
ec,https://digital-strategy.ec.europa.eu/en/policies/european-approach-artificial-intelligence#ecl-inpage-the-ai-act,The AI Act,NA,European Commission,Discovered URL,EN
ec,https://digital-strategy.ec.europa.eu/en/policies/european-approach-artificial-intelligence#ecl-inpage-important-milestones,Important milestones,NA,European Commission,Discovered URL,EN
ec,https://commission.europa.eu/publications/white-paper-artificial-intelligence-european-approach-excellence-and-trust_en,European approach to excellence and trust,2020-02-19,European Commission,Discovered URL,EN
ec,https://digital-strategy.ec.europa.eu/en/factpages/ai-continent-action-plan,AI Continent Action Plan,2025-04-09,European Commission,Discovered URL,EN
ec,https://digital-strategy.ec.europa.eu/en/news/commission-sets-course-europes-ai-leadership-ambitious-ai-continent-action-plan,The Action Plan,2025-04-09,European Commission,Discovered URL,EN
ec,https://digital-strategy.ec.europa.eu/en/news/eu-launches-investai-initiative-mobilise-eu200-billion-investment-artificial-intelligence,InvestAI Facility,NA,European Commission,Discovered URL,EN
ec,https://ai-act-service-desk.ec.europa.eu/en,AI Act Service Desk,2025-07-01,European Commission,Discovered URL,EN
ec,https://digital-strategy.ec.europa.eu/en/policies/apply-ai-alliance,Apply AI Alliance,2025-04-09,European Commission,Discovered URL,EN
ec,https://digital-strategy.ec.europa.eu/en/news/commission-launches-ai-innovation-package-support-artificial-intelligence-startups-and-smes,AI innovation package to support Artificial Intelligence startups and SMEs,NA,European Commission,Discovered URL,EN
ec,https://digital-strategy.ec.europa.eu/en/library/communication-boosting-startups-and-innovation-trustworthy-artificial-intelligence,Communication on boosting startups and innovation in trustworthy artificial intelligence,NA,European Commission,Discovered URL,EN
ec,https://digital-strategy.ec.europa.eu/en/policies/genai4eu,GenAI4EU,NA,European Commission,Discovered URL,EN
ec,https://digital-strategy.ec.europa.eu/en/policies/ai-lab-market,AI thrives from the lab to the market,NA,European Commission,Discovered URL,EN
ec,https://digital-strategy.ec.europa.eu/en/policies/ai-people,ensuring that AI works for people,NA,European Commission,Discovered URL,EN
ec,https://digital-strategy.ec.europa.eu/en/policies/build-leadership-ai,building strategic leadership,NA,European Commission,Discovered URL,EN
ec,https://research-and-innovation.ec.europa.eu/funding/funding-opportunities/funding-programmes-and-open-calls/horizon-europe_en,Horizon Europe,NA,European Commission,Discovered URL,EN
ec,https://digital-strategy.ec.europa.eu/en/activities/digital-programme,Digital Europe,NA,European Commission,Discovered URL,EN
ec,https://digital-strategy.ec.europa.eu/en/policies/cybersecurity-strategy,EU Cybersecurity Strategy,2020-12-16,European Commission,Discovered URL,EN
ec,https://digital-strategy.ec.europa.eu/en/policies/data-union,Data Union Strategy,NA,European Commission,Discovered URL,EN
ec,https://digital-strategy.ec.europa.eu/en/policies/digital-rulebook,Digital Simplification Package,NA,European Commission,Discovered URL,EN
ec,https://digital-strategy.ec.europa.eu/en/news/supporting-implementation-ai-act-clear-guidelines,upcoming guidelines supporting the implementation of the AI Act,NA,European Commission,Discovered URL,EN
ec,https://digital-strategy.ec.europa.eu/en/policies/code-practice-ai-generated-content,Beginning of the drawing-up process of the Code of Practice on Code of Practice on marking and labelling of AI-generated content,NA,European Commission,Discovered URL,EN
ec,https://digital-strategy.ec.europa.eu/en/news/commission-launches-ai-act-service-desk-and-single-information-platform-support-ai-act,Launch of AI Act Service Desk,2025-07-01,European Commission,Discovered URL,EN
ec,https://digital-strategy.ec.europa.eu/en/news/eu-rules-general-purpose-ai-models-start-apply-tomorrow-bringing-more-transparency-safety-and,AI Act obligations for providers of GPAI models enter into application,2024-01-01,European Commission,Discovered URL,EN
ec,https://digital-strategy.ec.europa.eu/en/policies/guidelines-gpai-providers,Commission publishes guidelines for providers of General-Purpose AI,NA,European Commission,Discovered URL,EN
ec,https://digital-strategy.ec.europa.eu/en/policies/contents-code-gpai,Commission receives General-Purpose AI Code of Practice,NA,European Commission,Discovered URL,EN
ec,https://digital-strategy.ec.europa.eu/en/news/second-wave-ai-factories-set-drive-eu-wide-innovation,Six additional consortia selected to establish AI factories,NA,European Commission,Discovered URL,EN
ec,https://digital-strategy.ec.europa.eu/en/library/commission-publishes-guidelines-ai-system-definition-facilitate-first-ai-acts-rules-application,Guidelines on AI system definition,NA,European Commission,Discovered URL,EN
ec,https://digital-strategy.ec.europa.eu/en/library/commission-publishes-guidelines-prohibited-artificial-intelligence-ai-practices-defined-ai-act,Guidelines on prohibited AI practices,NA,European Commission,Discovered URL,EN
ec,https://digital-strategy.ec.europa.eu/en/news/seven-consortia-selected-establish-ai-factories-which-will-boost-ai-innovation-eu,Seven consortia selected to establish AI factories which will boost AI innovation in the EU,NA,European Commission,Discovered URL,EN
ec,https://digital-strategy.ec.europa.eu/en/policies/ai-code-practice,Beginning of the drawing-up process of the Code of Practice for General-Purpose AI,NA,European Commission,Discovered URL,EN
ec,https://digital-strategy.ec.europa.eu/en/news/over-hundred-companies-sign-eu-ai-pact-pledges-drive-trustworthy-and-safe-ai-development,Companies sign EU AI Pact pledges (Pillar II),2024-01-01,European Commission,Discovered URL,EN
ec,https://ec.europa.eu/commission/presscorner/detail/en/ip_23_6473,Political agreement on the AI Act reached by the co-legislators,NA,European Commission,Discovered URL,EN
ec,https://digital-strategy.ec.europa.eu/en/library/communication-fostering-european-approach-artificial-intelligence,Communication on Fostering a European approach to AI,NA,European Commission,Discovered URL,EN
ec,https://digital-strategy.ec.europa.eu/en/library/proposal-regulation-laying-down-harmonised-rules-artificial-intelligence,Proposal for a regulation laying down harmonised rules on AI,NA,European Commission,Discovered URL,EN
ec,https://digital-strategy.ec.europa.eu/en/library/coordinated-plan-artificial-intelligence-2021-review,Updated coordinated plan on AI,2021-04-21,European Commission,Discovered URL,EN
ec,https://digital-strategy.ec.europa.eu/en/library/impact-assessment-regulation-artificial-intelligence,Impact assessment of an AI regulation,NA,European Commission,Discovered URL,EN
ec,https://ec.europa.eu/info/files/white-paper-artificial-intelligence-european-approach-excellence-and-trust_en,White paper on AI: a European approach to excellence and trust,2020-02-19,European Commission,Discovered URL,EN
ec,https://digital-strategy.ec.europa.eu/en/library/communication-building-trust-human-centric-artificial-intelligence,Communication: Building trust in human-centric artificial intelligence,NA,European Commission,Discovered URL,EN
ec,https://ec.europa.eu/newsroom/dae/document.cfm?doc_id=56017,Coordinated plan on AI,NA,European Commission,Discovered URL,EN
ec,https://ec.europa.eu/newsroom/dae/document.cfm?doc_id=56018,Communication: AI made in Europe,NA,European Commission,Discovered URL,EN
ec,https://digital-strategy.ec.europa.eu/en/policies/european-ai-alliance,Launch of the European AI alliance,NA,European Commission,Discovered URL,EN
ec,https://digital-strategy.ec.europa.eu/en/news/commission-appoints-expert-group-ai-and-launches-european-ai-alliance,Set up of the high-level expert group on AI,NA,European Commission,Discovered URL,EN
ec,https://digital-strategy.ec.europa.eu/en/library/communication-artificial-intelligence-europe,Communication: Artificial intelligence for Europe,NA,European Commission,Discovered URL,EN
ec,https://digital-strategy.ec.europa.eu/en/news/eu-member-states-sign-cooperate-artificial-intelligence,Declaration of cooperation on artificial intelligence,NA,European Commission,Discovered URL,EN
ec,https://digital-strategy.ec.europa.eu/en/news/commission-makes-eu632-million-available-support-ai-innovation-health-and-online-safety,Commission makes €63.2 million available to support AI innovation in health and online safety,2024-01-01,European Commission,Discovered URL,EN
ec,https://digital-strategy.ec.europa.eu/en/policies/ai-pact,AI Pact,2024-01-01,European Commission,Discovered URL,EN
ec,https://digital-strategy.ec.europa.eu/en/policies/expert-group-ai,High-level expert group on artificial intelligence,NA,European Commission,Discovered URL,EN
ec,https://digital-strategy.ec.europa.eu/en/policies/ecosystem-ai-innovation-europe,Ecosystem for AI innovation in Europe,NA,European Commission,Discovered URL,EN
ec,https://digital-strategy.ec.europa.eu/en/policies/european-ai-innovation-month,European AI Innovation Month,NA,European Commission,Discovered URL,EN
ec,https://digital-strategy.ec.europa.eu/en/policies/data-governance-act,European Data Governance Act,NA,European Commission,Discovered URL,EN
ec,https://digital-strategy.ec.europa.eu/en/node/159/printable/pdf,Print as PDF,NA,European Commission,Discovered URL,EN
ec,https://digital-strategy.ec.europa.eu/en/policies/regulatory-framework-ai#main-content,Skip to main content,NA,European Commission,Discovered URL,EN
ec,https://digital-strategy.ec.europa.eu/bg/policies/regulatory-framework-ai,bgбългарски,NA,European Commission,Discovered URL,EN
ec,https://digital-strategy.ec.europa.eu/es/policies/regulatory-framework-ai,esespañol,NA,European Commission,Discovered URL,EN
ec,https://digital-strategy.ec.europa.eu/cs/policies/regulatory-framework-ai,csčeština,NA,European Commission,Discovered URL,EN
ec,https://digital-strategy.ec.europa.eu/da/policies/regulatory-framework-ai,dadansk,NA,European Commission,Discovered URL,EN
ec,https://digital-strategy.ec.europa.eu/de/policies/regulatory-framework-ai,deDeutsch,NA,European Commission,Discovered URL,EN
ec,https://digital-strategy.ec.europa.eu/et/policies/regulatory-framework-ai,eteesti,NA,European Commission,Discovered URL,EN
ec,https://digital-strategy.ec.europa.eu/el/policies/regulatory-framework-ai,elελληνικά,NA,European Commission,Discovered URL,EN
ec,https://digital-strategy.ec.europa.eu/fr/policies/regulatory-framework-ai,frfrançais,NA,European Commission,Discovered URL,EN
ec,https://digital-strategy.ec.europa.eu/ga/policies/regulatory-framework-ai,gaGaeilge,NA,European Commission,Discovered URL,EN
ec,https://digital-strategy.ec.europa.eu/hr/policies/regulatory-framework-ai,hrhrvatski,NA,European Commission,Discovered URL,EN
ec,https://digital-strategy.ec.europa.eu/it/policies/regulatory-framework-ai,ititaliano,NA,European Commission,Discovered URL,EN
ec,https://digital-strategy.ec.europa.eu/lv/policies/regulatory-framework-ai,lvlatviešu,NA,European Commission,Discovered URL,EN
ec,https://digital-strategy.ec.europa.eu/lt/policies/regulatory-framework-ai,ltlietuvių,NA,European Commission,Discovered URL,EN
ec,https://digital-strategy.ec.europa.eu/hu/policies/regulatory-framework-ai,humagyar,NA,European Commission,Discovered URL,EN
ec,https://digital-strategy.ec.europa.eu/mt/policies/regulatory-framework-ai,mtMalti,NA,European Commission,Discovered URL,EN
ec,https://digital-strategy.ec.europa.eu/nl/policies/regulatory-framework-ai,nlNederlands,NA,European Commission,Discovered URL,EN
ec,https://digital-strategy.ec.europa.eu/pl/policies/regulatory-framework-ai,plpolski,NA,European Commission,Discovered URL,EN
ec,https://digital-strategy.ec.europa.eu/pt/policies/regulatory-framework-ai,ptportuguês,NA,European Commission,Discovered URL,EN
ec,https://digital-strategy.ec.europa.eu/ro/policies/regulatory-framework-ai,roromână,NA,European Commission,Discovered URL,EN
ec,https://digital-strategy.ec.europa.eu/sk/policies/regulatory-framework-ai,skslovenčina,NA,European Commission,Discovered URL,EN
ec,https://digital-strategy.ec.europa.eu/sl/policies/regulatory-framework-ai,slslovenščina,NA,European Commission,Discovered URL,EN
ec,https://digital-strategy.ec.europa.eu/fi/policies/regulatory-framework-ai,fisuomi,NA,European Commission,Discovered URL,EN
ec,https://digital-strategy.ec.europa.eu/sv/policies/regulatory-framework-ai,svsvenska,NA,European Commission,Discovered URL,EN
ec,https://ec.europa.eu/commission/presscorner/detail/en/ip_24_383,AI Innovation Package,NA,European Commission,Discovered URL,EN
ec,https://digital-strategy.ec.europa.eu/en/policies/regulatory-framework-ai#1720699867912-0,Risk-based Approach,NA,European Commission,Discovered URL,EN
ec,https://digital-strategy.ec.europa.eu/en/policies/regulatory-framework-ai#1720699867912-1,Compliance and enforcement,NA,European Commission,Discovered URL,EN
ec,https://digital-strategy.ec.europa.eu/en/policies/regulatory-framework-ai#1720699867912-2,Simplification of the AI Act,NA,European Commission,Discovered URL,EN
ec,https://digital-strategy.ec.europa.eu/en/library/guidelines-scope-obligations-providers-general-purpose-ai-models-under-ai-act,Guidelines on the scope of the obligations for providers of GPAI models,2024-01-01,European Commission,Discovered URL,EN
ec,https://digital-strategy.ec.europa.eu/en/library/explanatory-notice-and-template-public-summary-training-content-general-purpose-ai-models,Template for the public summary of training content of GPAI models,2024-01-01,European Commission,Discovered URL,EN
ec,https://digital-strategy.ec.europa.eu/en/policies/ai-act-governance-and-enforcement,Governance and enforcement of the AI Act,NA,European Commission,Discovered URL,EN
ec,https://digital-strategy.ec.europa.eu/en/library/digital-omnibus-ai-regulation-proposal,AI omnibus,NA,European Commission,Discovered URL,EN
ec,https://digital-strategy.ec.europa.eu/en/library/study-supporting-impact-assessment-ai-regulation,Study supporting the impact assessment,NA,European Commission,Discovered URL,EN
ec,https://digital-strategy.ec.europa.eu/en/faqs/navigating-ai-act,Questions & Answers on the AI Act,NA,European Commission,Discovered URL,EN
ec,https://digital-strategy.ec.europa.eu/en/policies/ai-act-standardisation,Standardisation of the AI Act,NA,European Commission,Discovered URL,EN
ec,https://digital-strategy.ec.europa.eu/en/news/ai-continent-action-plan-delivers-major-milestones,AI Continent Action Plan delivers major milestones,2025-04-09,European Commission,Discovered URL,EN
ec,https://digital-strategy.ec.europa.eu/en/news/joint-press-release-commission-and-kingdom-morocco-launch-digital-dialogue-strengthen-strategic,Joint press release by the Commission and the Kingdom of Morocco on the launch of a Digital Dialogue to strengthen strategic cooperation,NA,European Commission,Discovered URL,EN
ec,https://digital-strategy.ec.europa.eu/en/library/draft-guidelines-implementation-transparency-obligations-certain-ai-systems-under-article-50-ai-act,Draft of the guidelines on the implementation of the transparency obligations for certain AI systems under Article 50 of the AI Act,NA,European Commission,Discovered URL,EN
ec,https://digital-strategy.ec.europa.eu/en/library/commission-publishes-second-draft-code-practice-marking-and-labelling-ai-generated-content,Commission publishes second draft of Code of Practice on Marking and Labelling of AI-generated content,NA,European Commission,Discovered URL,EN
ec,https://digital-strategy.ec.europa.eu/en/library/leaders-declaration-ai-impact-summit-india,Leaders’ Declaration at AI Impact Summit in India,NA,European Commission,Discovered URL,EN
ec,https://digital-strategy.ec.europa.eu/en/related-content?topic=119&type=25,More,NA,European Commission,Discovered URL,EN
ec,https://digital-strategy.ec.europa.eu/en/library/three-studies-various-aspects-article-5-ai-act,Three studies on various aspects of article 5 of the AI Act,NA,European Commission,Discovered URL,EN
ec,https://digital-strategy.ec.europa.eu/en/library/three-studies-technical-solutions-mark-and-detect-ai-generated-content,Three studies on technical solutions to mark and detect AI-generated content,NA,European Commission,Discovered URL,EN
ec,https://digital-strategy.ec.europa.eu/en/library/artificial-intelligence-cardiovascular-care-promise-practice,Artificial intelligence in cardiovascular care: from promise to practice,NA,European Commission,Discovered URL,EN
ec,https://digital-strategy.ec.europa.eu/en/related-content?topic=119&type=28,More,NA,European Commission,Discovered URL,EN
ec,https://digital-strategy.ec.europa.eu/en/library/commission-internal-use-artificial-intelligence,The Commission internal use of Artificial Intelligence,NA,European Commission,Discovered URL,EN
ec,https://digital-strategy.ec.europa.eu/en/library/factsheet-international-digital-strategy-european-union,Factsheet on the International Digital Strategy for the European Union,NA,European Commission,Discovered URL,EN
ec,https://digital-strategy.ec.europa.eu/en/library/factsheet-eu-us-trade-and-technology-council-2021-2024,Factsheet: EU-US Trade and Technology Council (2021-2024),NA,European Commission,Discovered URL,EN
ec,https://digital-strategy.ec.europa.eu/en/related-content?topic=119&type=21,More,NA,European Commission,Discovered URL,EN
ec,https://digital-strategy.ec.europa.eu/en/library/rise-intelligent-edge-insights-metaos,The rise of the intelligent edge – Insights into MetaOS,NA,European Commission,Discovered URL,EN
ec,https://digital-strategy.ec.europa.eu/en/library/living-repository-foster-learning-and-exchange-ai-literacy,Living repository to foster learning and exchange on AI literacy,NA,European Commission,Discovered URL,EN
ec,https://digital-strategy.ec.europa.eu/en/library/horizon-europe-new-projects-ai-data-and-robotics-2024-edition,"Horizon Europe: new projects in AI, Data and Robotics - 2024 Edition",NA,European Commission,Discovered URL,EN
ec,https://digital-strategy.ec.europa.eu/en/related-content?topic=119&type=17,More,NA,European Commission,Discovered URL,EN
ec,https://digital-strategy.ec.europa.eu/en/policies/ai-talent-skills-and-literacy,"AI talent, skills and literacy",NA,European Commission,Discovered URL,EN
ec,https://digital-strategy.ec.europa.eu/en/policies/ai-act-whistleblower-tool,AI Act Whistleblower Tool,NA,European Commission,Discovered URL,EN
ec,https://digital-strategy.ec.europa.eu/en/node/9745/printable/pdf,Print as PDF,NA,European Commission,Discovered URL,EN
ec,https://digital-strategy.ec.europa.eu/en/library/ai-continent-action-plan#main-content,Skip to main content,2025-04-09,European Commission,Discovered URL,EN
ec,https://digital-strategy.ec.europa.eu/bg/library/ai-continent-action-plan,bgбългарски,2025-04-09,European Commission,Discovered URL,EN
ec,https://digital-strategy.ec.europa.eu/es/library/ai-continent-action-plan,esespañol,2025-04-09,European Commission,Discovered URL,EN
ec,https://digital-strategy.ec.europa.eu/cs/library/ai-continent-action-plan,csčeština,2025-04-09,European Commission,Discovered URL,EN
ec,https://digital-strategy.ec.europa.eu/da/library/ai-continent-action-plan,dadansk,2025-04-09,European Commission,Discovered URL,EN
ec,https://digital-strategy.ec.europa.eu/de/library/ai-continent-action-plan,deDeutsch,2025-04-09,European Commission,Discovered URL,EN
ec,https://digital-strategy.ec.europa.eu/et/library/ai-continent-action-plan,eteesti,2025-04-09,European Commission,Discovered URL,EN
ec,https://digital-strategy.ec.europa.eu/el/library/ai-continent-action-plan,elελληνικά,2025-04-09,European Commission,Discovered URL,EN
ec,https://digital-strategy.ec.europa.eu/fr/library/ai-continent-action-plan,frfrançais,2025-04-09,European Commission,Discovered URL,EN
ec,https://digital-strategy.ec.europa.eu/ga/library/ai-continent-action-plan,gaGaeilge,2025-04-09,European Commission,Discovered URL,EN
ec,https://digital-strategy.ec.europa.eu/hr/library/ai-continent-action-plan,hrhrvatski,2025-04-09,European Commission,Discovered URL,EN
ec,https://digital-strategy.ec.europa.eu/it/library/ai-continent-action-plan,ititaliano,2025-04-09,European Commission,Discovered URL,EN
ec,https://digital-strategy.ec.europa.eu/lv/library/ai-continent-action-plan,lvlatviešu,2025-04-09,European Commission,Discovered URL,EN
ec,https://digital-strategy.ec.europa.eu/lt/library/ai-continent-action-plan,ltlietuvių,2025-04-09,European Commission,Discovered URL,EN
ec,https://digital-strategy.ec.europa.eu/hu/library/ai-continent-action-plan,humagyar,2025-04-09,European Commission,Discovered URL,EN
ec,https://digital-strategy.ec.europa.eu/mt/library/ai-continent-action-plan,mtMalti,2025-04-09,European Commission,Discovered URL,EN
ec,https://digital-strategy.ec.europa.eu/nl/library/ai-continent-action-plan,nlNederlands,2025-04-09,European Commission,Discovered URL,EN
ec,https://digital-strategy.ec.europa.eu/pl/library/ai-continent-action-plan,plpolski,2025-04-09,European Commission,Discovered URL,EN
ec,https://digital-strategy.ec.europa.eu/pt/library/ai-continent-action-plan,ptportuguês,2025-04-09,European Commission,Discovered URL,EN
ec,https://digital-strategy.ec.europa.eu/ro/library/ai-continent-action-plan,roromână,2025-04-09,European Commission,Discovered URL,EN
ec,https://digital-strategy.ec.europa.eu/sk/library/ai-continent-action-plan,skslovenčina,2025-04-09,European Commission,Discovered URL,EN
ec,https://digital-strategy.ec.europa.eu/sl/library/ai-continent-action-plan,slslovenščina,2025-04-09,European Commission,Discovered URL,EN
ec,https://digital-strategy.ec.europa.eu/fi/library/ai-continent-action-plan,fisuomi,2025-04-09,European Commission,Discovered URL,EN
ec,https://digital-strategy.ec.europa.eu/sv/library/ai-continent-action-plan,svsvenska,2025-04-09,European Commission,Discovered URL,EN
ec,https://digital-strategy.ec.europa.eu/en/faqs/ai-continent-action-plan-qa,AI Continent Action Plan - Q&A,2025-04-09,European Commission,Discovered URL,EN
ec,https://digital-strategy.ec.europa.eu/en/node/13551/printable/pdf,Print as PDF,NA,European Commission,Discovered URL,EN
ec,https://digital-strategy.ec.europa.eu/en/library/communication-fostering-european-approach-artificial-intelligence#main-content,Skip to main content,NA,European Commission,Discovered URL,EN
ec,https://digital-strategy.ec.europa.eu/bg/library/communication-fostering-european-approach-artificial-intelligence,bgбългарски,NA,European Commission,Discovered URL,EN
ec,https://digital-strategy.ec.europa.eu/es/library/communication-fostering-european-approach-artificial-intelligence,esespañol,NA,European Commission,Discovered URL,EN
ec,https://digital-strategy.ec.europa.eu/cs/library/communication-fostering-european-approach-artificial-intelligence,csčeština,NA,European Commission,Discovered URL,EN
ec,https://digital-strategy.ec.europa.eu/da/library/communication-fostering-european-approach-artificial-intelligence,dadansk,NA,European Commission,Discovered URL,EN
ec,https://digital-strategy.ec.europa.eu/de/library/communication-fostering-european-approach-artificial-intelligence,deDeutsch,NA,European Commission,Discovered URL,EN
ec,https://digital-strategy.ec.europa.eu/et/library/communication-fostering-european-approach-artificial-intelligence,eteesti,NA,European Commission,Discovered URL,EN
ec,https://digital-strategy.ec.europa.eu/el/library/communication-fostering-european-approach-artificial-intelligence,elελληνικά,NA,European Commission,Discovered URL,EN
ec,https://digital-strategy.ec.europa.eu/fr/library/communication-fostering-european-approach-artificial-intelligence,frfrançais,NA,European Commission,Discovered URL,EN
ec,https://digital-strategy.ec.europa.eu/ga/library/communication-fostering-european-approach-artificial-intelligence,gaGaeilge,NA,European Commission,Discovered URL,EN
ec,https://digital-strategy.ec.europa.eu/hr/library/communication-fostering-european-approach-artificial-intelligence,hrhrvatski,NA,European Commission,Discovered URL,EN
ec,https://digital-strategy.ec.europa.eu/it/library/communication-fostering-european-approach-artificial-intelligence,ititaliano,NA,European Commission,Discovered URL,EN
ec,https://digital-strategy.ec.europa.eu/lv/library/communication-fostering-european-approach-artificial-intelligence,lvlatviešu,NA,European Commission,Discovered URL,EN
ec,https://digital-strategy.ec.europa.eu/lt/library/communication-fostering-european-approach-artificial-intelligence,ltlietuvių,NA,European Commission,Discovered URL,EN
ec,https://digital-strategy.ec.europa.eu/hu/library/communication-fostering-european-approach-artificial-intelligence,humagyar,NA,European Commission,Discovered URL,EN
ec,https://digital-strategy.ec.europa.eu/mt/library/communication-fostering-european-approach-artificial-intelligence,mtMalti,NA,European Commission,Discovered URL,EN
ec,https://digital-strategy.ec.europa.eu/nl/library/communication-fostering-european-approach-artificial-intelligence,nlNederlands,NA,European Commission,Discovered URL,EN
ec,https://digital-strategy.ec.europa.eu/pl/library/communication-fostering-european-approach-artificial-intelligence,plpolski,NA,European Commission,Discovered URL,EN
ec,https://digital-strategy.ec.europa.eu/pt/library/communication-fostering-european-approach-artificial-intelligence,ptportuguês,NA,European Commission,Discovered URL,EN
ec,https://digital-strategy.ec.europa.eu/ro/library/communication-fostering-european-approach-artificial-intelligence,roromână,NA,European Commission,Discovered URL,EN
ec,https://digital-strategy.ec.europa.eu/sk/library/communication-fostering-european-approach-artificial-intelligence,skslovenčina,NA,European Commission,Discovered URL,EN
ec,https://digital-strategy.ec.europa.eu/sl/library/communication-fostering-european-approach-artificial-intelligence,slslovenščina,NA,European Commission,Discovered URL,EN
ec,https://digital-strategy.ec.europa.eu/fi/library/communication-fostering-european-approach-artificial-intelligence,fisuomi,NA,European Commission,Discovered URL,EN
ec,https://digital-strategy.ec.europa.eu/sv/library/communication-fostering-european-approach-artificial-intelligence,svsvenska,NA,European Commission,Discovered URL,EN
ec,https://digital-strategy.ec.europa.eu/en/related-content?topic=117,Advanced Digital Technologies,NA,European Commission,Discovered URL,EN
ec,https://digital-strategy.ec.europa.eu/en/node/9758/printable/pdf,Print as PDF,NA,European Commission,Discovered URL,EN
ec,https://digital-strategy.ec.europa.eu/en/library/ai-innovation-package-communication-2024#main-content,Skip to main content,NA,European Commission,Discovered URL,EN
ec,https://digital-strategy.ec.europa.eu/en/page-not-found,en,NA,European Commission,Discovered URL,EN
ec,https://digital-strategy.ec.europa.eu/bg/page-not-found,bgбългарски,NA,European Commission,Discovered URL,EN
ec,https://digital-strategy.ec.europa.eu/es/page-not-found,esespañol,NA,European Commission,Discovered URL,EN
ec,https://digital-strategy.ec.europa.eu/cs/page-not-found,csčeština,NA,European Commission,Discovered URL,EN
ec,https://digital-strategy.ec.europa.eu/da/page-not-found,dadansk,NA,European Commission,Discovered URL,EN
ec,https://digital-strategy.ec.europa.eu/de/page-not-found,deDeutsch,NA,European Commission,Discovered URL,EN
ec,https://digital-strategy.ec.europa.eu/et/page-not-found,eteesti,NA,European Commission,Discovered URL,EN
ec,https://digital-strategy.ec.europa.eu/el/page-not-found,elελληνικά,NA,European Commission,Discovered URL,EN
ec,https://digital-strategy.ec.europa.eu/fr/page-not-found,frfrançais,NA,European Commission,Discovered URL,EN
ec,https://digital-strategy.ec.europa.eu/ga/page-not-found,gaGaeilge,NA,European Commission,Discovered URL,EN
ec,https://digital-strategy.ec.europa.eu/hr/page-not-found,hrhrvatski,NA,European Commission,Discovered URL,EN
ec,https://digital-strategy.ec.europa.eu/it/page-not-found,ititaliano,NA,European Commission,Discovered URL,EN
ec,https://digital-strategy.ec.europa.eu/lv/page-not-found,lvlatviešu,NA,European Commission,Discovered URL,EN
ec,https://digital-strategy.ec.europa.eu/lt/page-not-found,ltlietuvių,NA,European Commission,Discovered URL,EN
ec,https://digital-strategy.ec.europa.eu/hu/page-not-found,humagyar,NA,European Commission,Discovered URL,EN
ec,https://digital-strategy.ec.europa.eu/mt/page-not-found,mtMalti,NA,European Commission,Discovered URL,EN
ec,https://digital-strategy.ec.europa.eu/nl/page-not-found,nlNederlands,NA,European Commission,Discovered URL,EN
ec,https://digital-strategy.ec.europa.eu/pl/page-not-found,plpolski,NA,European Commission,Discovered URL,EN
ec,https://digital-strategy.ec.europa.eu/pt/page-not-found,ptportuguês,NA,European Commission,Discovered URL,EN
ec,https://digital-strategy.ec.europa.eu/ro/page-not-found,roromână,NA,European Commission,Discovered URL,EN
ec,https://digital-strategy.ec.europa.eu/sk/page-not-found,skslovenčina,NA,European Commission,Discovered URL,EN
ec,https://digital-strategy.ec.europa.eu/sl/page-not-found,slslovenščina,NA,European Commission,Discovered URL,EN
ec,https://digital-strategy.ec.europa.eu/fi/page-not-found,fisuomi,NA,European Commission,Discovered URL,EN
ec,https://digital-strategy.ec.europa.eu/sv/page-not-found,svsvenska,NA,European Commission,Discovered URL,EN
ec,https://digital-strategy.ec.europa.eu/en/news?type=5%7C13,News highlights,NA,European Commission,Discovered URL,EN
ec,https://digital-strategy.ec.europa.eu/en/newsletters,Subscribe to the news,NA,European Commission,Discovered URL,EN
ep,https://www.europarl.europa.eu/legislative-train/theme-a-europe-fit-for-the-digital-age/file-regulation-on-artificial-intelligence,European Parliament Legislative Train: Artificial Intelligence Act,NA,European Parliament,Legislative overview,EN
council,https://www.consilium.europa.eu/en/policies/artificial-intelligence-act/,Council of the EU: Artificial Intelligence Act,2024-06-13,Council of the EU,Policy page,EN
council,https://www.consilium.europa.eu/en/policies/artificial-intelligence-act/timeline-artificial-intelligence/,Council timeline: Artificial Intelligence Act,2024-06-13,Council of the EU,Timeline,EN
edpb,https://www.edpb.europa.eu/our-work-tools/our-documents/topic/artificial-intelligence_en,EDPB artificial intelligence topic page,NA,European Data Protection Board,Topic page,EN
edpb,https://www.edpb.europa.eu/our-work-tools/our-documents/opinion-board-art-64/opinion-282024-certain-data-protection-aspects_en,EDPB Opinion 28/2024 on AI models,2024-12-18,European Data Protection Board,Opinion,EN
edpb,https://www.edpb.europa.eu/system/files/2024-12/edpb_opinion_202428_ai-models_en.pdf,EDPB Opinion 28/2024 on AI models PDF,2024-12-18,European Data Protection Board,Opinion PDF,EN
edps,https://www.edps.europa.eu/artificial-intelligence/artificial-intelligence-act_en,EDPS: Artificial Intelligence Act,2024-06-13,European Data Protection Supervisor,Policy page,EN
edps,https://www.edps.europa.eu/data-protection/our-work/subjects/artificial-intelligence_en,EDPS artificial intelligence subject page,NA,European Data Protection Supervisor,Topic page,EN
enisa,https://www.enisa.europa.eu/topics/artificial-intelligence-and-next-gen-technologies,ENISA Artificial Intelligence and Next Gen Technologies,NA,ENISA,Topic page,EN
enisa,https://www.enisa.europa.eu/publications/artificial-intelligence-and-cybersecurity-research,ENISA Artificial Intelligence and Cybersecurity Research,2023-06-07,ENISA,Report,EN
enisa,https://www.enisa.europa.eu/publications/cybersecurity-of-ai-and-standardisation,ENISA Cybersecurity of AI and Standardisation,2023-03-14,ENISA,Report,EN
ep,https://oeil.europarl.europa.eu/oeil/en/procedure-file/pdf?reference=2021/0106(COD)&section=TRANSPARENCY,pdfTransparency,NA,European Parliament,Discovered URL,EN
ep,https://oeil.europarl.europa.eu/oeil/en/procedure-file?reference=2021/0106(COD),Transparency,NA,European Parliament,Discovered URL,EN
edpb,https://www.edpb.europa.eu/our-work-tools/our-documents/topic/artificial-intelligence_bg,BGБългарски,NA,European Data Protection Board,Discovered URL,EN
edpb,https://www.edpb.europa.eu/our-work-tools/our-documents/topic/artificial-intelligence_cs,CSČeština,NA,European Data Protection Board,Discovered URL,EN
edpb,https://www.edpb.europa.eu/our-work-tools/our-documents/topic/artificial-intelligence_da,DADansk,NA,European Data Protection Board,Discovered URL,EN
edpb,https://www.edpb.europa.eu/our-work-tools/our-documents/topic/artificial-intelligence_de,DEDeutsch,NA,European Data Protection Board,Discovered URL,EN
edpb,https://www.edpb.europa.eu/our-work-tools/our-documents/topic/artificial-intelligence_el,ELΕλληνικά,NA,European Data Protection Board,Discovered URL,EN
edpb,https://www.edpb.europa.eu/our-work-tools/our-documents/topic/artificial-intelligence_es,ESEspañol,NA,European Data Protection Board,Discovered URL,EN
edpb,https://www.edpb.europa.eu/our-work-tools/our-documents/topic/artificial-intelligence_et,ETEesti,NA,European Data Protection Board,Discovered URL,EN
edpb,https://www.edpb.europa.eu/our-work-tools/our-documents/topic/artificial-intelligence_fi,FISuomi,NA,European Data Protection Board,Discovered URL,EN
edpb,https://www.edpb.europa.eu/our-work-tools/our-documents/topic/artificial-intelligence_fr,FRFrançais,NA,European Data Protection Board,Discovered URL,EN
edpb,https://www.edpb.europa.eu/our-work-tools/our-documents/topic/artificial-intelligence_ga,GAGaeilge,NA,European Data Protection Board,Discovered URL,EN
edpb,https://www.edpb.europa.eu/our-work-tools/our-documents/topic/artificial-intelligence_hr,HRHrvatski,NA,European Data Protection Board,Discovered URL,EN
edpb,https://www.edpb.europa.eu/our-work-tools/our-documents/topic/artificial-intelligence_hu,HUMagyar,NA,European Data Protection Board,Discovered URL,EN
edpb,https://www.edpb.europa.eu/our-work-tools/our-documents/topic/artificial-intelligence_it,ITItaliano,NA,European Data Protection Board,Discovered URL,EN
edpb,https://www.edpb.europa.eu/our-work-tools/our-documents/topic/artificial-intelligence_lt,LTLietuvių,NA,European Data Protection Board,Discovered URL,EN
edpb,https://www.edpb.europa.eu/our-work-tools/our-documents/topic/artificial-intelligence_lv,LVLatviešu,NA,European Data Protection Board,Discovered URL,EN
edpb,https://www.edpb.europa.eu/our-work-tools/our-documents/topic/artificial-intelligence_mt,MTMalti,NA,European Data Protection Board,Discovered URL,EN
edpb,https://www.edpb.europa.eu/our-work-tools/our-documents/topic/artificial-intelligence_nl,NLNederlands,NA,European Data Protection Board,Discovered URL,EN
edpb,https://www.edpb.europa.eu/our-work-tools/our-documents/topic/artificial-intelligence_pl,PLPolski,NA,European Data Protection Board,Discovered URL,EN
edpb,https://www.edpb.europa.eu/our-work-tools/our-documents/topic/artificial-intelligence_pt,PTPortuguês,NA,European Data Protection Board,Discovered URL,EN
edpb,https://www.edpb.europa.eu/our-work-tools/our-documents/topic/artificial-intelligence_ro,RORomână,NA,European Data Protection Board,Discovered URL,EN
edpb,https://www.edpb.europa.eu/our-work-tools/our-documents/topic/artificial-intelligence_sk,SKSlovenčina,NA,European Data Protection Board,Discovered URL,EN
edpb,https://www.edpb.europa.eu/our-work-tools/our-documents/topic/artificial-intelligence_sl,SLSlovenščina,NA,European Data Protection Board,Discovered URL,EN
edpb,https://www.edpb.europa.eu/our-work-tools/our-documents/topic/artificial-intelligence_sv,SVSvenska,NA,European Data Protection Board,Discovered URL,EN
edpb,https://www.edpb.europa.eu/our-work-tools/our-documents/topic/gdpr-enforcement_en,GDPR enforcement,2024-01-01,European Data Protection Board,Discovered URL,EN
edpb,https://www.edpb.europa.eu/our-work-tools/our-documents/topic/gdpr_en,GDPR,NA,European Data Protection Board,Discovered URL,EN
edpb,https://www.edpb.europa.eu/our-work-tools/our-documents/topic/automated-decision-profiling_en,Automated decision & profiling,2022-01-01,European Data Protection Board,Discovered URL,EN
edpb,https://www.edpb.europa.eu/news/news/2026/edpb-and-edps-support-streamlining-ai-act-implementation-call-stronger-safeguards_en,EDPB and EDPS support streamlining AI Act implementation but call for stronger safeguards to protect fundamental rights,2024-08-01,European Data Protection Board,Discovered URL,EN
edpb,https://www.edpb.europa.eu/our-work-tools/our-documents/edpbedps-joint-opinion/edpb-edps-joint-opinion-12026-proposal_en,EDPB-EDPS Joint opinion 1/2026 on the Proposal for a Regulation as regards the simplification of the implementation of harmonised rules on artificial intelligence (Digital Omnibus on AI),NA,European Data Protection Board,Discovered URL,EN
edpb,https://www.edpb.europa.eu/news/news/2024/edpb-opinion-ai-models-gdpr-principles-support-responsible-ai_en,EDPB opinion on AI models: GDPR principles support responsible AI,NA,European Data Protection Board,Discovered URL,EN
edpb,https://www.edpb.europa.eu/our-work-tools/our-documents/letters/edpb-reply-letter-ai-office-edpb-statement-role-data_en,EDPB Reply to the letter from the AI Office on the EDPB statement on the role of data protection authorities (DPAs) in the Artificial Intelligence Act Framework,NA,European Data Protection Board,Discovered URL,EN
edpb,https://www.edpb.europa.eu/system/files/2024-11/edpb-reply-to-the-letter-from-the-ai-office_en.pdf,Download,NA,European Data Protection Board,Discovered URL,EN
edpb,https://www.edpb.europa.eu/our-work-tools/our-documents/topic/artificial-intelligence_en?page=1,2,NA,European Data Protection Board,Discovered URL,EN
edpb,https://www.edpb.europa.eu/our-work-tools/our-documents/topic/artificial-intelligence_en?page=2,3,NA,European Data Protection Board,Discovered URL,EN
edpb,https://www.edpb.europa.eu/news/news/2024/edpb-opinion-ai-models-gdpr-principles-support-responsible-ai_bg,BGБългарски,NA,European Data Protection Board,Discovered URL,EN
edpb,https://www.edpb.europa.eu/news/news/2024/edpb-opinion-ai-models-gdpr-principles-support-responsible-ai_cs,CSČeština,NA,European Data Protection Board,Discovered URL,EN
edpb,https://www.edpb.europa.eu/news/news/2024/edpb-opinion-ai-models-gdpr-principles-support-responsible-ai_da,DADansk,NA,European Data Protection Board,Discovered URL,EN
edpb,https://www.edpb.europa.eu/news/news/2024/edpb-opinion-ai-models-gdpr-principles-support-responsible-ai_de,DEDeutsch,NA,European Data Protection Board,Discovered URL,EN
edpb,https://www.edpb.europa.eu/news/news/2024/edpb-opinion-ai-models-gdpr-principles-support-responsible-ai_el,ELΕλληνικά,NA,European Data Protection Board,Discovered URL,EN
edpb,https://www.edpb.europa.eu/news/news/2024/edpb-opinion-ai-models-gdpr-principles-support-responsible-ai_es,ESEspañol,NA,European Data Protection Board,Discovered URL,EN
edpb,https://www.edpb.europa.eu/news/news/2024/edpb-opinion-ai-models-gdpr-principles-support-responsible-ai_et,ETEesti,NA,European Data Protection Board,Discovered URL,EN
edpb,https://www.edpb.europa.eu/news/news/2024/edpb-opinion-ai-models-gdpr-principles-support-responsible-ai_fi,FISuomi,NA,European Data Protection Board,Discovered URL,EN
edpb,https://www.edpb.europa.eu/news/news/2024/edpb-opinion-ai-models-gdpr-principles-support-responsible-ai_fr,FRFrançais,NA,European Data Protection Board,Discovered URL,EN
edpb,https://www.edpb.europa.eu/news/news/2024/edpb-opinion-ai-models-gdpr-principles-support-responsible-ai_ga,GAGaeilge,NA,European Data Protection Board,Discovered URL,EN
edpb,https://www.edpb.europa.eu/news/news/2024/edpb-opinion-ai-models-gdpr-principles-support-responsible-ai_hr,HRHrvatski,NA,European Data Protection Board,Discovered URL,EN
edpb,https://www.edpb.europa.eu/news/news/2024/edpb-opinion-ai-models-gdpr-principles-support-responsible-ai_hu,HUMagyar,NA,European Data Protection Board,Discovered URL,EN
edpb,https://www.edpb.europa.eu/news/news/2024/edpb-opinion-ai-models-gdpr-principles-support-responsible-ai_it,ITItaliano,NA,European Data Protection Board,Discovered URL,EN
edpb,https://www.edpb.europa.eu/news/news/2024/edpb-opinion-ai-models-gdpr-principles-support-responsible-ai_lt,LTLietuvių,NA,European Data Protection Board,Discovered URL,EN
edpb,https://www.edpb.europa.eu/news/news/2024/edpb-opinion-ai-models-gdpr-principles-support-responsible-ai_lv,LVLatviešu,NA,European Data Protection Board,Discovered URL,EN
edpb,https://www.edpb.europa.eu/news/news/2024/edpb-opinion-ai-models-gdpr-principles-support-responsible-ai_mt,MTMalti,NA,European Data Protection Board,Discovered URL,EN
edpb,https://www.edpb.europa.eu/news/news/2024/edpb-opinion-ai-models-gdpr-principles-support-responsible-ai_nl,NLNederlands,NA,European Data Protection Board,Discovered URL,EN
edpb,https://www.edpb.europa.eu/news/news/2024/edpb-opinion-ai-models-gdpr-principles-support-responsible-ai_pl,PLPolski,NA,European Data Protection Board,Discovered URL,EN
edpb,https://www.edpb.europa.eu/news/news/2024/edpb-opinion-ai-models-gdpr-principles-support-responsible-ai_pt,PTPortuguês,NA,European Data Protection Board,Discovered URL,EN
edpb,https://www.edpb.europa.eu/news/news/2024/edpb-opinion-ai-models-gdpr-principles-support-responsible-ai_ro,RORomână,NA,European Data Protection Board,Discovered URL,EN
edpb,https://www.edpb.europa.eu/news/news/2024/edpb-opinion-ai-models-gdpr-principles-support-responsible-ai_sk,SKSlovenčina,NA,European Data Protection Board,Discovered URL,EN
edpb,https://www.edpb.europa.eu/news/news/2024/edpb-opinion-ai-models-gdpr-principles-support-responsible-ai_sl,SLSlovenščina,NA,European Data Protection Board,Discovered URL,EN
edpb,https://www.edpb.europa.eu/news/news/2024/edpb-opinion-ai-models-gdpr-principles-support-responsible-ai_sv,SVSvenska,NA,European Data Protection Board,Discovered URL,EN
edpb,https://www.edpb.europa.eu/news/news/2026/marking-10-years-gdpr-evolution-european-data-protection-landscape_en,https://www.edpb.europa.eu/news/news/2026/marking-10-years-gdpr-evolution-european-data-protection-landscape_en,NA,European Data Protection Board,Discovered URL,EN
edpb,https://www.edpb.europa.eu/news/news/2026/stakeholder-event-competition-and-data-protection_en,Stakeholder event on competition and data protection,NA,European Data Protection Board,Discovered URL,EN
edpb,https://www.edpb.europa.eu/news/news/2026/edpb-brings-clarity-data-processing-scientific-research-speeds-finalisation_en,"EDPB brings clarity to data processing for scientific research, speeds up the finalisation of the anonymisation guidelines and approves first European data protection seal as a tool for transfers",NA,European Data Protection Board,Discovered URL,EN
edps,https://www.edps.europa.eu/data-protection/our-work/our-work-by-type/ai-act_en,Our work on the AI Act,NA,European Data Protection Supervisor,Discovered URL,EN
edps,https://www.edps.europa.eu/press-publications/press-news/press-releases/2026/edpss-annual-report-2025-highlights-record-legislative-consultations-and-ai-transition-within-european-institutions_en,press release,NA,European Data Protection Supervisor,Discovered URL,EN
edps,https://www.edps.europa.eu/system/files/2025-07/2025_ai-act-timeline_en.pdf,AI Act Timeline,NA,European Data Protection Supervisor,Discovered URL,EN
edps,https://www.edps.europa.eu/data-protection/our-work/publications/ai-act/2026-03-17-towards-trustworthy-ai-eu-public-administration-edps-compass-its-new-role-under-ai-act,Towards trustworthy AI in the EU public administration: The EDPS Compass for its new role under the AI Act,NA,European Data Protection Supervisor,Discovered URL,EN
edps,https://www.edps.europa.eu/system/files/2026-03/26-03-17_edps-compass-under-ai-act-2026-2027_en.pdf,Download,NA,European Data Protection Supervisor,Discovered URL,EN
edps,https://www.edps.europa.eu/data-protection/our-work/publications/international-conferences/2026-02-23-joint-statement-ai-generated-imagery-and-protection-privacy,Joint Statement on AI-Generated Imagery and the Protection of Privacy,NA,European Data Protection Supervisor,Discovered URL,EN
edps,https://www.edps.europa.eu/system/files/2026-02/23-02-26_joint-statement-ai-generated-imagery_en.pdf,Download,NA,European Data Protection Supervisor,Discovered URL,EN
edps,https://www.edps.europa.eu/data-protection/our-work/publications/events/2026-01-28-data-protection-day_en,Data Protection Day 2026: Reset or refine?,NA,European Data Protection Supervisor,Discovered URL,EN
edps,https://www.edps.europa.eu/data-protection/our-work/subjects/general-data-protection-regulation_en,General Data Protection Regulation,NA,European Data Protection Supervisor,Discovered URL,EN
edps,https://www.edps.europa.eu/data-protection/our-work/publications/edps-edpb-joint-opinions/2026-01-20-edpb-edps-joint-opinion-simplification-implementation-harmonised-rules-artificial-intelligence-digital-omnibus-ai,EDPB-EDPS Joint Opinion on the simplification of the implementation of harmonised rules on artificial intelligence (Digital Omnibus on AI),NA,European Data Protection Supervisor,Discovered URL,EN
edps,https://www.edps.europa.eu/data-protection/our-work/subjects/artificial-intelligence_en?page=1,2,NA,European Data Protection Supervisor,Discovered URL,EN
edps,https://www.edps.europa.eu/data-protection/our-work/subjects/artificial-intelligence_en?page=2,3,NA,European Data Protection Supervisor,Discovered URL,EN
edps,https://www.edps.europa.eu/data-protection/our-work/subjects/artificial-intelligence_en?page=3,4,NA,European Data Protection Supervisor,Discovered URL,EN
edps,https://www.edps.europa.eu/data-protection/our-work/subjects/artificial-intelligence_en?page=4,5,NA,European Data Protection Supervisor,Discovered URL,EN
edps,https://www.edps.europa.eu/data-protection/our-work/subjects/artificial-intelligence_en?page=13,Last » Last page,NA,European Data Protection Supervisor,Discovered URL,EN
enisa,https://www.enisa.europa.eu/topics/state-of-cybersecurity-in-the-eu,State of cybersecurity in the EU,NA,ENISA,Discovered URL,EN
enisa,https://www.enisa.europa.eu/topics/cybersecurity-of-critical-sectors,Cybersecurity of Critical Sectors,NA,ENISA,Discovered URL,EN
enisa,https://www.enisa.europa.eu/topics/digital-identity-and-data-protection,Digital Identity and Data Protection,NA,ENISA,Discovered URL,EN
enisa,https://www.enisa.europa.eu/publications/cyber-insurance-models-and-methods-and-the-use-of-ai,https://www.enisa.europa.eu/publications/cyber-insurance-models-and-methods-and-the-use-of-ai,NA,ENISA,Discovered URL,EN
enisa,https://www.enisa.europa.eu/publications/cybersecurity-and-privacy-in-ai-forecasting-demand-on-electricity-grids,https://www.enisa.europa.eu/publications/cybersecurity-and-privacy-in-ai-forecasting-demand-on-electricity-grids,NA,ENISA,Discovered URL,EN
enisa,https://www.enisa.europa.eu/publications/cybersecurity-and-privacy-in-ai-medical-imaging-diagnosis,ENISA Cybersecurity and Privacy in AI medical imaging diagnosis,NA,ENISA,Discovered URL,EN
enisa,https://www.enisa.europa.eu/news/is-secure-and-trusted-ai-possible-the-eu-leads-the-way,Is Secure and Trusted AI Possible? The EU Leads the Way,NA,ENISA,Discovered URL,EN
enisa,https://www.enisa.europa.eu/news/mind-the-gap-in-standardisation-of-cybersecurity-for-artificial-intelligence,Mind the Gap in Standardisation of Cybersecurity for Artificial Intelligence,NA,ENISA,Discovered URL,EN
enisa,https://www.enisa.europa.eu/publications?f%5B0%5D=topics%3A528,Cybersecurity of Critical Sectors (49),NA,ENISA,Discovered URL,EN
enisa,https://www.enisa.europa.eu/publications?f%5B0%5D=topics%3A531,Digital Identity and Data Protection (59),NA,ENISA,Discovered URL,EN
enisa,https://www.enisa.europa.eu/publications?f%5B0%5D=topics%3A516,State of cybersecurity in the EU (49),NA,ENISA,Discovered URL,EN
enisa,https://www.enisa.europa.eu/publications?f%5B0%5D=topics%3A582,National Cybersecurity Strategies (5),NA,ENISA,Discovered URL,EN
enisa,https://www.enisa.europa.eu/topics/state-of-cybersecurity-in-the-eu/national-cybersecurity-strategies,National Cybersecurity Strategies,NA,ENISA,Discovered URL,EN
eurlex_url,https://eur-lex.europa.eu/legal-content/EN/TXT/?uri=CELEX:32024R1689,Artificial Intelligence Act Regulation (EU) 2024/1689,2024-07-12,European Parliament and Council,Regulation,EN
eurlex_url,https://eur-lex.europa.eu/legal-content/EN/TXT/?uri=CELEX:32016R0679,General Data Protection Regulation,2016-04-27,European Parliament and Council,Regulation,EN
eurlex_url,https://eur-lex.europa.eu/legal-content/EN/TXT/?uri=CELEX:32022R0868,Data Governance Act,2022-05-30,European Parliament and Council,Regulation,EN
eurlex_url,https://eur-lex.europa.eu/legal-content/EN/TXT/?uri=CELEX:32023R2854,Data Act,2023-12-13,European Parliament and Council,Regulation,EN
eurlex_url,https://eur-lex.europa.eu/legal-content/EN/TXT/?uri=CELEX:52020DC0065,White Paper on Artificial Intelligence,2020-02-19,European Commission,White Paper,EN
eurlex_url,https://eur-lex.europa.eu/legal-content/EN/TXT/?uri=CELEX:52018DC0237,Artificial Intelligence for Europe,2018-04-25,European Commission,Communication,EN
eurlex_url,https://eur-lex.europa.eu/legal-content/EN/TXT/?uri=CELEX:52018DC0795,Coordinated Plan on Artificial Intelligence,2018-12-07,European Commission,Communication,EN
eurlex_url,https://eur-lex.europa.eu/legal-content/EN/TXT/?uri=CELEX:52021DC0205,Fostering a European approach to Artificial Intelligence,2021-04-21,European Commission,Communication,EN
council,https://www.consilium.europa.eu/en/press/press-releases/2023/12/09/artificial-intelligence-act-council-and-parliament-strike-a-deal-on-the-first-worldwide-rules-for-ai/,Trilogue deal on AI Act,2023-12-09,Council of the EU,Press release,EN
ep,https://www.europarl.europa.eu/doceo/document/TA-9-2023-0236_EN.pdf,EP AI Act Position,2023-06-14,European Parliament,Legislative resolution,EN
ep,https://www.europarl.europa.eu/doceo/document/TA-9-2020-0275_EN.pdf,EP Resolution on AI,2020-10-20,European Parliament,Resolution,EN
ep,https://www.europarl.europa.eu/news/en/press-room/20240308IPR19015/artificial-intelligence-act-meps-adopt-landmark-law,EP press release AI Act adoption,2024-03-13,European Parliament,Press release,EN
edpb,https://www.edpb.europa.eu/our-work-tools/our-documents/guidelines/guidelines-022022-application-article-65-gdpr_en,EDPB Guidelines 02/2022,2022-03-14,European Data Protection Board,Guidelines,EN
edpb,https://www.edpb.europa.eu/our-work-tools/our-documents/guidelines/guidelines-052020-consent-under-regulation-2016679_en,EDPB Guidelines on Consent,2020-05-04,European Data Protection Board,Guidelines,EN
edpb,https://www.edpb.europa.eu/our-work-tools/our-documents/guidelines/guidelines-032019-processing-personal-data-through-video_en,EDPB Guidelines on Video Devices,2019-07-10,European Data Protection Board,Guidelines,EN
edpb,https://www.edpb.europa.eu/our-work-tools/our-documents/guidelines/guidelines-012022-data-subject-rights-right-access_en,EDPB Guidelines on Right of Access,2022-01-18,European Data Protection Board,Guidelines,EN
edps,https://www.edps.europa.eu/system/files/2026-01/2025-1124-edpb-edps-joint-opinion_simplification-implementation-harmonised-rules-ai_en.pdf,EDPB-EDPS Joint Opinion on Simplification of Harmonised AI Rules,2025-11-24,European Data Protection Supervisor,Joint Opinion,EN
edps,https://www.edps.europa.eu/system/files/2025-12/2025-12-04-mapping-report-aiact_en.pdf,EDPS Mapping Report on the AI Act,2025-12-04,European Data Protection Supervisor,Report,EN
edps,https://www.edps.europa.eu/press-publications/press-news/press-releases/2023/edps-final-recommendations-ai-act_en,EDPS Final Recommendations on the AI Act,2023-01-01,European Data Protection Supervisor,Press release,EN
